enzyme	complex	complex_keff	compartment	reactions	direction
enzyme_ADA_fwd	cplx_MONOMER_ADA	102560.63248040645	pc	ADA	adn_c + h2o_c + h_c --> ins_c + nh4_c
enzyme_ADA_rev	cplx_MONOMER_ADA	0	pc	ADA	adn_c + h2o_c + h_c <-- ins_c + nh4_c
enzyme_ADEt_fwd	cplx_MONOMER_SLC29A1	119960.06003922778	pc	ADEt	ade_c --> ade_e
enzyme_ADEt_fwd	cplx_MONOMER_SLC43A3	127603.28676279995	pc	ADEt	ade_c --> ade_e
enzyme_ADEt_rev	cplx_MONOMER_SLC29A1	119960.06003922778	pc	ADEt	ade_c <-- ade_e
enzyme_ADEt_rev	cplx_MONOMER_SLC43A3	127603.28676279995	pc	ADEt	ade_c <-- ade_e
enzyme_ADK1_fwd	cplx_MONOMER_AK1	63791.23581868065	pc	ADK1	amp_c + atp_c --> 2.0 adp_c
enzyme_ADK1_rev	cplx_MONOMER_AK1	63791.23581868065	pc	ADK1	amp_c + atp_c <-- 2.0 adp_c
enzyme_ADNK1_fwd	cplx_MONOMER_ADK	102158.42145221533	pc	ADNK1	adn_c + atp_c --> adp_c + amp_c + h_c
enzyme_ADNK1_rev	cplx_MONOMER_ADK	0	pc	ADNK1	adn_c + atp_c <-- adp_c + amp_c + h_c
enzyme_ADNt_fwd	cplx_MONOMER_SLC29A1	119960.06003922778	pc	ADNt	adn_c --> adn_e
enzyme_ADNt_rev	cplx_MONOMER_SLC29A1	119960.06003922778	pc	ADNt	adn_c <-- adn_e
enzyme_ADPT_fwd	cplx_HOMODIMER_APRT	99634.56466255274	pc	ADPT	ade_c + prpp_c --> amp_c + ppi_c
enzyme_ADPT_rev	cplx_HOMODIMER_APRT	0	pc	ADPT	ade_c + prpp_c <-- amp_c + ppi_c
enzyme_AMPDA_fwd	cplx_HOMOTETRAMER_AMPD3	520264.2068854142	pc	AMPDA	amp_c + h2o_c + h_c --> imp_c + nh4_c
enzyme_AMPDA_rev	cplx_HOMOTETRAMER_AMPD3	0	pc	AMPDA	amp_c + h2o_c + h_c <-- imp_c + nh4_c
enzyme_CA2t_fwd	cplx_HOMODIMER_TRPC6	354061.503570769	pc	CA2t	ca2_e --> ca2_c
enzyme_CA2t_fwd	cplx_HOMODIMER_VDAC1	139726.11109654818	pc	CA2t	ca2_e --> ca2_c
enzyme_CA2t_fwd	cplx_HOMOHEPTAMER_PANX1	499363.9482316854	pc	CA2t	ca2_e --> ca2_c
enzyme_CA2t_fwd	cplx_HOMOTETRAMER_GRIA1	575135.9106948627	pc	CA2t	ca2_e --> ca2_c
enzyme_CA2t_fwd	cplx_HOMOTETRAMER_TRPV2	507734.11017956684	pc	CA2t	ca2_e --> ca2_c
enzyme_CA2t_fwd	cplx_HOMOTRIMER_P2RX1	251771.87903497615	pc	CA2t	ca2_e --> ca2_c
enzyme_CA2t_fwd	cplx_HOMOTRIMER_P2RX2	279693.1840057707	pc	CA2t	ca2_e --> ca2_c
enzyme_CA2t_fwd	cplx_HOMOTRIMER_P2RX7	345477.92807872617	pc	CA2t	ca2_e --> ca2_c
enzyme_CA2t_fwd	cplx_HOMOTRIMER_PIEZO1	1010097.8917458715	pc	CA2t	ca2_e --> ca2_c
enzyme_CA2t_fwd	cplx_MONOMER_CACNA1A	438252.87169697875	pc	CA2t	ca2_e --> ca2_c
enzyme_CA2t_fwd	cplx_MONOMER_TMEM109	73673.7047644687	pc	CA2t	ca2_e --> ca2_c
enzyme_CA2t_rev	cplx_HOMODIMER_TRPC6	0	pc	CA2t	ca2_e <-- ca2_c
enzyme_CA2t_rev	cplx_HOMODIMER_VDAC1	0	pc	CA2t	ca2_e <-- ca2_c
enzyme_CA2t_rev	cplx_HOMOHEPTAMER_PANX1	0	pc	CA2t	ca2_e <-- ca2_c
enzyme_CA2t_rev	cplx_HOMOTETRAMER_GRIA1	0	pc	CA2t	ca2_e <-- ca2_c
enzyme_CA2t_rev	cplx_HOMOTETRAMER_TRPV2	0	pc	CA2t	ca2_e <-- ca2_c
enzyme_CA2t_rev	cplx_HOMOTRIMER_P2RX1	0	pc	CA2t	ca2_e <-- ca2_c
enzyme_CA2t_rev	cplx_HOMOTRIMER_P2RX2	0	pc	CA2t	ca2_e <-- ca2_c
enzyme_CA2t_rev	cplx_HOMOTRIMER_P2RX7	0	pc	CA2t	ca2_e <-- ca2_c
enzyme_CA2t_rev	cplx_HOMOTRIMER_PIEZO1	0	pc	CA2t	ca2_e <-- ca2_c
enzyme_CA2t_rev	cplx_MONOMER_CACNA1A	0	pc	CA2t	ca2_e <-- ca2_c
enzyme_CA2t_rev	cplx_MONOMER_TMEM109	0	pc	CA2t	ca2_e <-- ca2_c
enzyme_CAATPS1_fwd	cplx_MONOMER_ATP2B1	251356.53197880578	pc	CAATPS1	atp_c + ca2_c + h2o_c --> adp_c + ca2_e + h_c + pi_c
enzyme_CAATPS1_fwd	cplx_MONOMER_ATP2B4	255887.73705067727	pc	CAATPS1	atp_c + ca2_c + h2o_c --> adp_c + ca2_e + h_c + pi_c
enzyme_CAATPS1_rev	cplx_MONOMER_ATP2B1	0	pc	CAATPS1	atp_c + ca2_c + h2o_c <-- adp_c + ca2_e + h_c + pi_c
enzyme_CAATPS1_rev	cplx_MONOMER_ATP2B4	0	pc	CAATPS1	atp_c + ca2_c + h2o_c <-- adp_c + ca2_e + h_c + pi_c
enzyme_CO2t_fwd	cplx_HETEROTETRAMER_RH	311251.1488353587	pc	CO2t	co2_c --> co2_e
enzyme_CO2t_fwd	cplx_HETEROTRIMER_RH	250218.07917275914	pc	CO2t	co2_c --> co2_e
enzyme_CO2t_fwd	cplx_HOMODIMER_RHAG	183295.45584124562	pc	CO2t	co2_c --> co2_e
enzyme_CO2t_fwd	cplx_HOMOTETRAMER_AQP1	221986.10374416274	pc	CO2t	co2_c --> co2_e
enzyme_CO2t_rev	cplx_HETEROTETRAMER_RH	311251.1488353587	pc	CO2t	co2_c <-- co2_e
enzyme_CO2t_rev	cplx_HETEROTRIMER_RH	250218.07917275914	pc	CO2t	co2_c <-- co2_e
enzyme_CO2t_rev	cplx_HOMODIMER_RHAG	183295.45584124562	pc	CO2t	co2_c <-- co2_e
enzyme_CO2t_rev	cplx_HOMOTETRAMER_AQP1	221986.10374416274	pc	CO2t	co2_c <-- co2_e
enzyme_DPGM_fwd	cplx_HOMODIMER_BPGM	137080.6683256151	pc	DPGM	13dpg_c --> 23dpg_c + h_c
enzyme_DPGM_fwd	cplx_HOMODIMER_PGAM1	132953.53233085093	pc	DPGM	13dpg_c --> 23dpg_c + h_c
enzyme_DPGM_rev	cplx_HOMODIMER_BPGM	137080.6683256151	pc	DPGM	13dpg_c <-- 23dpg_c + h_c
enzyme_DPGM_rev	cplx_HOMODIMER_PGAM1	132953.53233085093	pc	DPGM	13dpg_c <-- 23dpg_c + h_c
enzyme_DPGase_fwd	cplx_HOMODIMER_BPGM	137080.6683256151	pc	DPGase	23dpg_c + h2o_c --> 3pg_c + pi_c
enzyme_DPGase_rev	cplx_HOMODIMER_BPGM	0	pc	DPGase	23dpg_c + h2o_c <-- 3pg_c + pi_c
enzyme_ENO_fwd	cplx_HETERODIMER_ENO_AB	192193.67361500862	pc	ENO	2pg_c --> h2o_c + pep_c
enzyme_ENO_fwd	cplx_HETERODIMER_ENO_AG	192595.46121340955	pc	ENO	2pg_c --> h2o_c + pep_c
enzyme_ENO_fwd	cplx_HETERODIMER_ENO_BG	192318.37493316873	pc	ENO	2pg_c --> h2o_c + pep_c
enzyme_ENO_fwd	cplx_HOMODIMER_ENO1	192470.81975221762	pc	ENO	2pg_c --> h2o_c + pep_c
enzyme_ENO_fwd	cplx_HOMODIMER_ENO2	192720.07579244341	pc	ENO	2pg_c --> h2o_c + pep_c
enzyme_ENO_fwd	cplx_HOMODIMER_ENO3	191916.39419737892	pc	ENO	2pg_c --> h2o_c + pep_c
enzyme_ENO_rev	cplx_HETERODIMER_ENO_AB	192193.67361500862	pc	ENO	2pg_c <-- h2o_c + pep_c
enzyme_ENO_rev	cplx_HETERODIMER_ENO_AG	192595.46121340955	pc	ENO	2pg_c <-- h2o_c + pep_c
enzyme_ENO_rev	cplx_HETERODIMER_ENO_BG	192318.37493316873	pc	ENO	2pg_c <-- h2o_c + pep_c
enzyme_ENO_rev	cplx_HOMODIMER_ENO1	192470.81975221762	pc	ENO	2pg_c <-- h2o_c + pep_c
enzyme_ENO_rev	cplx_HOMODIMER_ENO2	192720.07579244341	pc	ENO	2pg_c <-- h2o_c + pep_c
enzyme_ENO_rev	cplx_HOMODIMER_ENO3	191916.39419737892	pc	ENO	2pg_c <-- h2o_c + pep_c
enzyme_FBA_fwd	cplx_HOMOTETRAMER_ALDOA	282948.67788700334	pc	FBA	fdp_c --> dhap_c + g3p_c
enzyme_FBA_fwd	cplx_HOMOTETRAMER_ALDOB	283228.6274164019	pc	FBA	fdp_c --> dhap_c + g3p_c
enzyme_FBA_fwd	cplx_HOMOTETRAMER_ALDOC	283114.46285378706	pc	FBA	fdp_c --> dhap_c + g3p_c
enzyme_FBA_rev	cplx_HOMOTETRAMER_ALDOA	282948.67788700334	pc	FBA	fdp_c <-- dhap_c + g3p_c
enzyme_FBA_rev	cplx_HOMOTETRAMER_ALDOB	283228.6274164019	pc	FBA	fdp_c <-- dhap_c + g3p_c
enzyme_FBA_rev	cplx_HOMOTETRAMER_ALDOC	283114.46285378706	pc	FBA	fdp_c <-- dhap_c + g3p_c
enzyme_FCYTOB5OXR_fwd	cplx_COMPLEX_CYB5R3_B5A	126917.34778961359	pc	FCYTOB5OXR	2.0 ficytb5_c + nadh_c --> 2.0 focytb5_c + h_c + nad_c
enzyme_FCYTOB5OXR_fwd	cplx_COMPLEX_CYB5R3_B5B	145557.0893798115	pc	FCYTOB5OXR	2.0 ficytb5_c + nadh_c --> 2.0 focytb5_c + h_c + nad_c
enzyme_FCYTOB5OXR_rev	cplx_COMPLEX_CYB5R3_B5A	0	pc	FCYTOB5OXR	2.0 ficytb5_c + nadh_c <-- 2.0 focytb5_c + h_c + nad_c
enzyme_FCYTOB5OXR_rev	cplx_COMPLEX_CYB5R3_B5B	0	pc	FCYTOB5OXR	2.0 ficytb5_c + nadh_c <-- 2.0 focytb5_c + h_c + nad_c
enzyme_G6PDH2_fwd	cplx_HOMOTETRAMER_G6PD	384084.042273574	pc	G6PDH2	g6p_c + nadp_c --> 6pgl_c + h_c + nadph_c
enzyme_G6PDH2_rev	cplx_HOMOTETRAMER_G6PD	0	pc	G6PDH2	g6p_c + nadp_c <-- 6pgl_c + h_c + nadph_c
enzyme_GAPD_fwd	cplx_HOMOTETRAMER_GAPDH	264624.7796358608	pc	GAPD	g3p_c + nad_c + pi_c --> 13dpg_c + h_c + nadh_c
enzyme_GAPD_fwd	cplx_HOMOTETRAMER_GAPDHS	309881.52658683667	pc	GAPD	g3p_c + nad_c + pi_c --> 13dpg_c + h_c + nadh_c
enzyme_GAPD_rev	cplx_HOMOTETRAMER_GAPDH	264624.7796358608	pc	GAPD	g3p_c + nad_c + pi_c <-- 13dpg_c + h_c + nadh_c
enzyme_GAPD_rev	cplx_HOMOTETRAMER_GAPDHS	309881.52658683667	pc	GAPD	g3p_c + nad_c + pi_c <-- 13dpg_c + h_c + nadh_c
enzyme_GLC_Dt_fwd	cplx_HOMOTETRAMER_SLC2A1	358700.2292686294	pc	GLC_Dt	glc__D_c --> glc__D_e
enzyme_GLC_Dt_fwd	cplx_HOMOTETRAMER_SLC2A14	369746.81038970256	pc	GLC_Dt	glc__D_c --> glc__D_e
enzyme_GLC_Dt_fwd	cplx_HOMOTETRAMER_SLC2A2	375489.64215035667	pc	GLC_Dt	glc__D_c --> glc__D_e
enzyme_GLC_Dt_fwd	cplx_HOMOTETRAMER_SLC2A3	357876.5442298435	pc	GLC_Dt	glc__D_c --> glc__D_e
enzyme_GLC_Dt_fwd	cplx_HOMOTETRAMER_SLC2A4	362158.7208779285	pc	GLC_Dt	glc__D_c --> glc__D_e
enzyme_GLC_Dt_rev	cplx_HOMOTETRAMER_SLC2A1	358700.2292686294	pc	GLC_Dt	glc__D_c <-- glc__D_e
enzyme_GLC_Dt_rev	cplx_HOMOTETRAMER_SLC2A14	369746.81038970256	pc	GLC_Dt	glc__D_c <-- glc__D_e
enzyme_GLC_Dt_rev	cplx_HOMOTETRAMER_SLC2A2	375489.64215035667	pc	GLC_Dt	glc__D_c <-- glc__D_e
enzyme_GLC_Dt_rev	cplx_HOMOTETRAMER_SLC2A3	357876.5442298435	pc	GLC_Dt	glc__D_c <-- glc__D_e
enzyme_GLC_Dt_rev	cplx_HOMOTETRAMER_SLC2A4	362158.7208779285	pc	GLC_Dt	glc__D_c <-- glc__D_e
enzyme_GND_fwd	cplx_HOMODIMER_PGD	210466.36431154874	pc	GND	6pgc_c + nadp_c --> co2_c + nadph_c + ru5p__D_c
enzyme_GND_rev	cplx_HOMODIMER_PGD	0	pc	GND	6pgc_c + nadp_c <-- co2_c + nadph_c + ru5p__D_c
enzyme_GTHOy_fwd	cplx_HOMODIMER_GSR	206181.9861700666	pc	GTHOy	gthox_c + h_c + nadph_c --> 2.0 gthrd_c + nadp_c
enzyme_GTHOy_rev	cplx_HOMODIMER_GSR	0	pc	GTHOy	gthox_c + h_c + nadph_c <-- 2.0 gthrd_c + nadp_c
enzyme_GTHP_fwd	cplx_HOMOTETRAMER_GPX1	182939.63376838234	pc	GTHP	2.0 gthrd_c + h2o2_c --> gthox_c + 2.0 h2o_c
enzyme_GTHP_fwd	cplx_MONOMER_GPX4	58959.07469641749	pc	GTHP	2.0 gthrd_c + h2o2_c --> gthox_c + 2.0 h2o_c
enzyme_GTHP_rev	cplx_HOMOTETRAMER_GPX1	0	pc	GTHP	2.0 gthrd_c + h2o2_c <-- gthox_c + 2.0 h2o_c
enzyme_GTHP_rev	cplx_MONOMER_GPX4	0	pc	GTHP	2.0 gthrd_c + h2o2_c <-- gthox_c + 2.0 h2o_c
enzyme_H2Ot_fwd	cplx_HOMOTETRAMER_AQP1	221986.10374416274	pc	H2Ot	h2o_c --> h2o_e
enzyme_H2Ot_fwd	cplx_HOMOTETRAMER_AQP3	239370.36481530013	pc	H2Ot	h2o_c --> h2o_e
enzyme_H2Ot_rev	cplx_HOMOTETRAMER_AQP1	221986.10374416274	pc	H2Ot	h2o_c <-- h2o_e
enzyme_H2Ot_rev	cplx_HOMOTETRAMER_AQP3	239370.36481530013	pc	H2Ot	h2o_c <-- h2o_e
enzyme_HB23DPGB_fwd	cplx_MONOMER_HBA	49091.53233335346	pc	HB23DPGB	23dpg_c + 4.0 hb_c --> hb4_23dpg_c
enzyme_HB23DPGB_fwd	cplx_MONOMER_HBB	50861.235107600194	pc	HB23DPGB	23dpg_c + 4.0 hb_c --> hb4_23dpg_c
enzyme_HB23DPGB_fwd	cplx_MONOMER_HBD	51002.07685946071	pc	HB23DPGB	23dpg_c + 4.0 hb_c --> hb4_23dpg_c
enzyme_HB23DPGB_fwd	cplx_MONOMER_HBE1	51355.07763990536	pc	HB23DPGB	23dpg_c + 4.0 hb_c --> hb4_23dpg_c
enzyme_HB23DPGB_fwd	cplx_MONOMER_HBG1	51170.93412625397	pc	HB23DPGB	23dpg_c + 4.0 hb_c --> hb4_23dpg_c
enzyme_HB23DPGB_fwd	cplx_MONOMER_HBG2	51166.24126481554	pc	HB23DPGB	23dpg_c + 4.0 hb_c --> hb4_23dpg_c
enzyme_HB23DPGB_fwd	cplx_MONOMER_HBM	49946.84220450609	pc	HB23DPGB	23dpg_c + 4.0 hb_c --> hb4_23dpg_c
enzyme_HB23DPGB_fwd	cplx_MONOMER_HBQ1	49689.22996256905	pc	HB23DPGB	23dpg_c + 4.0 hb_c --> hb4_23dpg_c
enzyme_HB23DPGB_fwd	cplx_MONOMER_HBZ	50001.88902370888	pc	HB23DPGB	23dpg_c + 4.0 hb_c --> hb4_23dpg_c
enzyme_HB23DPGB_rev	cplx_MONOMER_HBA	49091.53233335346	pc	HB23DPGB	23dpg_c + 4.0 hb_c <-- hb4_23dpg_c
enzyme_HB23DPGB_rev	cplx_MONOMER_HBB	50861.235107600194	pc	HB23DPGB	23dpg_c + 4.0 hb_c <-- hb4_23dpg_c
enzyme_HB23DPGB_rev	cplx_MONOMER_HBD	51002.07685946071	pc	HB23DPGB	23dpg_c + 4.0 hb_c <-- hb4_23dpg_c
enzyme_HB23DPGB_rev	cplx_MONOMER_HBE1	51355.07763990536	pc	HB23DPGB	23dpg_c + 4.0 hb_c <-- hb4_23dpg_c
enzyme_HB23DPGB_rev	cplx_MONOMER_HBG1	51170.93412625397	pc	HB23DPGB	23dpg_c + 4.0 hb_c <-- hb4_23dpg_c
enzyme_HB23DPGB_rev	cplx_MONOMER_HBG2	51166.24126481554	pc	HB23DPGB	23dpg_c + 4.0 hb_c <-- hb4_23dpg_c
enzyme_HB23DPGB_rev	cplx_MONOMER_HBM	49946.84220450609	pc	HB23DPGB	23dpg_c + 4.0 hb_c <-- hb4_23dpg_c
enzyme_HB23DPGB_rev	cplx_MONOMER_HBQ1	49689.22996256905	pc	HB23DPGB	23dpg_c + 4.0 hb_c <-- hb4_23dpg_c
enzyme_HB23DPGB_rev	cplx_MONOMER_HBZ	50001.88902370888	pc	HB23DPGB	23dpg_c + 4.0 hb_c <-- hb4_23dpg_c
enzyme_HBO2B1_fwd	cplx_MONOMER_HBA	49091.53233335346	pc	HBO2B1	hb_c + o2_c --> oxyhb_c
enzyme_HBO2B1_fwd	cplx_MONOMER_HBB	50861.235107600194	pc	HBO2B1	hb_c + o2_c --> oxyhb_c
enzyme_HBO2B1_fwd	cplx_MONOMER_HBD	51002.07685946071	pc	HBO2B1	hb_c + o2_c --> oxyhb_c
enzyme_HBO2B1_fwd	cplx_MONOMER_HBE1	51355.07763990536	pc	HBO2B1	hb_c + o2_c --> oxyhb_c
enzyme_HBO2B1_fwd	cplx_MONOMER_HBG1	51170.93412625397	pc	HBO2B1	hb_c + o2_c --> oxyhb_c
enzyme_HBO2B1_fwd	cplx_MONOMER_HBG2	51166.24126481554	pc	HBO2B1	hb_c + o2_c --> oxyhb_c
enzyme_HBO2B1_fwd	cplx_MONOMER_HBM	49946.84220450609	pc	HBO2B1	hb_c + o2_c --> oxyhb_c
enzyme_HBO2B1_fwd	cplx_MONOMER_HBQ1	49689.22996256905	pc	HBO2B1	hb_c + o2_c --> oxyhb_c
enzyme_HBO2B1_fwd	cplx_MONOMER_HBZ	50001.88902370888	pc	HBO2B1	hb_c + o2_c --> oxyhb_c
enzyme_HBO2B1_rev	cplx_MONOMER_HBA	49091.53233335346	pc	HBO2B1	hb_c + o2_c <-- oxyhb_c
enzyme_HBO2B1_rev	cplx_MONOMER_HBB	50861.235107600194	pc	HBO2B1	hb_c + o2_c <-- oxyhb_c
enzyme_HBO2B1_rev	cplx_MONOMER_HBD	51002.07685946071	pc	HBO2B1	hb_c + o2_c <-- oxyhb_c
enzyme_HBO2B1_rev	cplx_MONOMER_HBE1	51355.07763990536	pc	HBO2B1	hb_c + o2_c <-- oxyhb_c
enzyme_HBO2B1_rev	cplx_MONOMER_HBG1	51170.93412625397	pc	HBO2B1	hb_c + o2_c <-- oxyhb_c
enzyme_HBO2B1_rev	cplx_MONOMER_HBG2	51166.24126481554	pc	HBO2B1	hb_c + o2_c <-- oxyhb_c
enzyme_HBO2B1_rev	cplx_MONOMER_HBM	49946.84220450609	pc	HBO2B1	hb_c + o2_c <-- oxyhb_c
enzyme_HBO2B1_rev	cplx_MONOMER_HBQ1	49689.22996256905	pc	HBO2B1	hb_c + o2_c <-- oxyhb_c
enzyme_HBO2B1_rev	cplx_MONOMER_HBZ	50001.88902370888	pc	HBO2B1	hb_c + o2_c <-- oxyhb_c
enzyme_HBO2B2_fwd	cplx_MONOMER_HBA	49091.53233335346	pc	HBO2B2	hb_hco2_c + o2_c --> co2_c + h_c + oxyhb_c
enzyme_HBO2B2_fwd	cplx_MONOMER_HBB	50861.235107600194	pc	HBO2B2	hb_hco2_c + o2_c --> co2_c + h_c + oxyhb_c
enzyme_HBO2B2_fwd	cplx_MONOMER_HBD	51002.07685946071	pc	HBO2B2	hb_hco2_c + o2_c --> co2_c + h_c + oxyhb_c
enzyme_HBO2B2_fwd	cplx_MONOMER_HBE1	51355.07763990536	pc	HBO2B2	hb_hco2_c + o2_c --> co2_c + h_c + oxyhb_c
enzyme_HBO2B2_fwd	cplx_MONOMER_HBG1	51170.93412625397	pc	HBO2B2	hb_hco2_c + o2_c --> co2_c + h_c + oxyhb_c
enzyme_HBO2B2_fwd	cplx_MONOMER_HBG2	51166.24126481554	pc	HBO2B2	hb_hco2_c + o2_c --> co2_c + h_c + oxyhb_c
enzyme_HBO2B2_fwd	cplx_MONOMER_HBM	49946.84220450609	pc	HBO2B2	hb_hco2_c + o2_c --> co2_c + h_c + oxyhb_c
enzyme_HBO2B2_fwd	cplx_MONOMER_HBQ1	49689.22996256905	pc	HBO2B2	hb_hco2_c + o2_c --> co2_c + h_c + oxyhb_c
enzyme_HBO2B2_fwd	cplx_MONOMER_HBZ	50001.88902370888	pc	HBO2B2	hb_hco2_c + o2_c --> co2_c + h_c + oxyhb_c
enzyme_HBO2B2_rev	cplx_MONOMER_HBA	49091.53233335346	pc	HBO2B2	hb_hco2_c + o2_c <-- co2_c + h_c + oxyhb_c
enzyme_HBO2B2_rev	cplx_MONOMER_HBB	50861.235107600194	pc	HBO2B2	hb_hco2_c + o2_c <-- co2_c + h_c + oxyhb_c
enzyme_HBO2B2_rev	cplx_MONOMER_HBD	51002.07685946071	pc	HBO2B2	hb_hco2_c + o2_c <-- co2_c + h_c + oxyhb_c
enzyme_HBO2B2_rev	cplx_MONOMER_HBE1	51355.07763990536	pc	HBO2B2	hb_hco2_c + o2_c <-- co2_c + h_c + oxyhb_c
enzyme_HBO2B2_rev	cplx_MONOMER_HBG1	51170.93412625397	pc	HBO2B2	hb_hco2_c + o2_c <-- co2_c + h_c + oxyhb_c
enzyme_HBO2B2_rev	cplx_MONOMER_HBG2	51166.24126481554	pc	HBO2B2	hb_hco2_c + o2_c <-- co2_c + h_c + oxyhb_c
enzyme_HBO2B2_rev	cplx_MONOMER_HBM	49946.84220450609	pc	HBO2B2	hb_hco2_c + o2_c <-- co2_c + h_c + oxyhb_c
enzyme_HBO2B2_rev	cplx_MONOMER_HBQ1	49689.22996256905	pc	HBO2B2	hb_hco2_c + o2_c <-- co2_c + h_c + oxyhb_c
enzyme_HBO2B2_rev	cplx_MONOMER_HBZ	50001.88902370888	pc	HBO2B2	hb_hco2_c + o2_c <-- co2_c + h_c + oxyhb_c
enzyme_HEX1_fwd	cplx_MONOMER_HK1	204367.202047138	pc	HEX1	atp_c + glc__D_c --> adp_c + g6p_c + h_c
enzyme_HEX1_fwd	cplx_MONOMER_HK3	199558.72130660282	pc	HEX1	atp_c + glc__D_c --> adp_c + g6p_c + h_c
enzyme_HEX1_rev	cplx_MONOMER_HK1	0	pc	HEX1	atp_c + glc__D_c <-- adp_c + g6p_c + h_c
enzyme_HEX1_rev	cplx_MONOMER_HK3	0	pc	HEX1	atp_c + glc__D_c <-- adp_c + g6p_c + h_c
enzyme_HXPRT_fwd	cplx_HOMOTETRAMER_HPRT1	198516.61349340103	pc	HXPRT	hxan_c + prpp_c --> imp_c + ppi_c
enzyme_HXPRT_rev	cplx_HOMOTETRAMER_HPRT1	0	pc	HXPRT	hxan_c + prpp_c <-- imp_c + ppi_c
enzyme_HYXNt_fwd	cplx_MONOMER_SLC29A1	119960.06003922778	pc	HYXNt	hxan_c --> hxan_e
enzyme_HYXNt_fwd	cplx_MONOMER_SLC43A3	127603.28676279995	pc	HYXNt	hxan_c --> hxan_e
enzyme_HYXNt_rev	cplx_MONOMER_SLC29A1	119960.06003922778	pc	HYXNt	hxan_c <-- hxan_e
enzyme_HYXNt_rev	cplx_MONOMER_SLC43A3	127603.28676279995	pc	HYXNt	hxan_c <-- hxan_e
enzyme_INSt_fwd	cplx_MONOMER_SLC29A1	119960.06003922778	pc	INSt	ins_c --> ins_e
enzyme_INSt_rev	cplx_MONOMER_SLC29A1	119960.06003922778	pc	INSt	ins_c <-- ins_e
enzyme_Kt1_fwd	cplx_HOMODIMER_KCNK5	216344.1654451389	pc	Kt1	k_c --> k_e
enzyme_Kt1_fwd	cplx_HOMODIMER_VDAC1	139726.11109654818	pc	Kt1	k_c --> k_e
enzyme_Kt1_fwd	cplx_HOMOHEPTAMER_PANX1	499363.9482316854	pc	Kt1	k_c --> k_e
enzyme_Kt1_fwd	cplx_HOMOTETRAMER_GRIA1	575135.9106948627	pc	Kt1	k_c --> k_e
enzyme_Kt1_fwd	cplx_HOMOTETRAMER_KCNAB2	291439.7712320187	pc	Kt1	k_c --> k_e
enzyme_Kt1_fwd	cplx_HOMOTETRAMER_KCNN4	326511.1431663423	pc	Kt1	k_c --> k_e
enzyme_Kt1_fwd	cplx_HOMOTRIMER_P2RX1	251771.87903497615	pc	Kt1	k_c --> k_e
enzyme_Kt1_fwd	cplx_HOMOTRIMER_P2RX2	279693.1840057707	pc	Kt1	k_c --> k_e
enzyme_Kt1_fwd	cplx_HOMOTRIMER_P2RX7	345477.92807872617	pc	Kt1	k_c --> k_e
enzyme_Kt1_fwd	cplx_HOMOTRIMER_PIEZO1	1010097.8917458715	pc	Kt1	k_c --> k_e
enzyme_Kt1_fwd	cplx_MONOMER_SLC22A4	140753.02464106694	pc	Kt1	k_c --> k_e
enzyme_Kt1_fwd	cplx_MONOMER_TMEM109	73673.7047644687	pc	Kt1	k_c --> k_e
enzyme_Kt1_rev	cplx_HOMODIMER_KCNK5	0	pc	Kt1	k_c <-- k_e
enzyme_Kt1_rev	cplx_HOMODIMER_VDAC1	0	pc	Kt1	k_c <-- k_e
enzyme_Kt1_rev	cplx_HOMOHEPTAMER_PANX1	0	pc	Kt1	k_c <-- k_e
enzyme_Kt1_rev	cplx_HOMOTETRAMER_GRIA1	0	pc	Kt1	k_c <-- k_e
enzyme_Kt1_rev	cplx_HOMOTETRAMER_KCNAB2	0	pc	Kt1	k_c <-- k_e
enzyme_Kt1_rev	cplx_HOMOTETRAMER_KCNN4	0	pc	Kt1	k_c <-- k_e
enzyme_Kt1_rev	cplx_HOMOTRIMER_P2RX1	0	pc	Kt1	k_c <-- k_e
enzyme_Kt1_rev	cplx_HOMOTRIMER_P2RX2	0	pc	Kt1	k_c <-- k_e
enzyme_Kt1_rev	cplx_HOMOTRIMER_P2RX7	0	pc	Kt1	k_c <-- k_e
enzyme_Kt1_rev	cplx_HOMOTRIMER_PIEZO1	0	pc	Kt1	k_c <-- k_e
enzyme_Kt1_rev	cplx_MONOMER_SLC22A4	0	pc	Kt1	k_c <-- k_e
enzyme_Kt1_rev	cplx_MONOMER_TMEM109	0	pc	Kt1	k_c <-- k_e
enzyme_LDH_L_fwd	cplx_HETEROTETRAMER_LDHA_LDHB_A1B3	267871.4503627203	pc	LDH_L	h_c + nadh_c + pyr_c --> lac__L_c + nad_c
enzyme_LDH_L_fwd	cplx_HETEROTETRAMER_LDHA_LDHB_A2B2	267952.7175508524	pc	LDH_L	h_c + nadh_c + pyr_c --> lac__L_c + nad_c
enzyme_LDH_L_fwd	cplx_HETEROTETRAMER_LDHA_LDHB_A3B1	268033.9765239923	pc	LDH_L	h_c + nadh_c + pyr_c --> lac__L_c + nad_c
enzyme_LDH_L_fwd	cplx_HOMOTETRAMER_LDHA	268115.22728629055	pc	LDH_L	h_c + nadh_c + pyr_c --> lac__L_c + nad_c
enzyme_LDH_L_fwd	cplx_HOMOTETRAMER_LDHB	267790.1749554418	pc	LDH_L	h_c + nadh_c + pyr_c --> lac__L_c + nad_c
enzyme_LDH_L_rev	cplx_HETEROTETRAMER_LDHA_LDHB_A1B3	267871.4503627203	pc	LDH_L	h_c + nadh_c + pyr_c <-- lac__L_c + nad_c
enzyme_LDH_L_rev	cplx_HETEROTETRAMER_LDHA_LDHB_A2B2	267952.7175508524	pc	LDH_L	h_c + nadh_c + pyr_c <-- lac__L_c + nad_c
enzyme_LDH_L_rev	cplx_HETEROTETRAMER_LDHA_LDHB_A3B1	268033.9765239923	pc	LDH_L	h_c + nadh_c + pyr_c <-- lac__L_c + nad_c
enzyme_LDH_L_rev	cplx_HOMOTETRAMER_LDHA	268115.22728629055	pc	LDH_L	h_c + nadh_c + pyr_c <-- lac__L_c + nad_c
enzyme_LDH_L_rev	cplx_HOMOTETRAMER_LDHB	267790.1749554418	pc	LDH_L	h_c + nadh_c + pyr_c <-- lac__L_c + nad_c
enzyme_L_LACt2_fwd	cplx_HETEROTETRAMER_SLC16A1_BSG	328323.82174077845	pc	L_LACt2	h_c + lac__L_c --> h_e + lac__L_e
enzyme_L_LACt2_fwd	cplx_HETEROTETRAMER_SLC16A1_EMB	314631.65941146744	pc	L_LACt2	h_c + lac__L_c --> h_e + lac__L_e
enzyme_L_LACt2_fwd	cplx_HETEROTETRAMER_SLC16A7_BSG	323859.9032286555	pc	L_LACt2	h_c + lac__L_c --> h_e + lac__L_e
enzyme_L_LACt2_fwd	cplx_HETEROTETRAMER_SLC16A7_EMB	310103.29815590923	pc	L_LACt2	h_c + lac__L_c --> h_e + lac__L_e
enzyme_L_LACt2_fwd	cplx_HOMODIMER_SLC16A1	212883.43219428806	pc	L_LACt2	h_c + lac__L_c --> h_e + lac__L_e
enzyme_L_LACt2_fwd	cplx_HOMODIMER_SLC16A7	207716.67414451085	pc	L_LACt2	h_c + lac__L_c --> h_e + lac__L_e
enzyme_L_LACt2_rev	cplx_HETEROTETRAMER_SLC16A1_BSG	328323.82174077845	pc	L_LACt2	h_c + lac__L_c <-- h_e + lac__L_e
enzyme_L_LACt2_rev	cplx_HETEROTETRAMER_SLC16A1_EMB	314631.65941146744	pc	L_LACt2	h_c + lac__L_c <-- h_e + lac__L_e
enzyme_L_LACt2_rev	cplx_HETEROTETRAMER_SLC16A7_BSG	323859.9032286555	pc	L_LACt2	h_c + lac__L_c <-- h_e + lac__L_e
enzyme_L_LACt2_rev	cplx_HETEROTETRAMER_SLC16A7_EMB	310103.29815590923	pc	L_LACt2	h_c + lac__L_c <-- h_e + lac__L_e
enzyme_L_LACt2_rev	cplx_HOMODIMER_SLC16A1	212883.43219428806	pc	L_LACt2	h_c + lac__L_c <-- h_e + lac__L_e
enzyme_L_LACt2_rev	cplx_HOMODIMER_SLC16A7	207716.67414451085	pc	L_LACt2	h_c + lac__L_c <-- h_e + lac__L_e
enzyme_METHBCYTBR_fwd	cplx_COMPLEX_HBA_CYB5A	96886.68711243843	pc	METHBCYTBR	2.0 focytb5_c + methb_c --> 2.0 ficytb5_c + hb_c
enzyme_METHBCYTBR_fwd	cplx_COMPLEX_HBA_CYB5B	117093.25281982556	pc	METHBCYTBR	2.0 focytb5_c + methb_c --> 2.0 ficytb5_c + hb_c
enzyme_METHBCYTBR_fwd	cplx_COMPLEX_HBB_CYB5A	98302.51072136701	pc	METHBCYTBR	2.0 focytb5_c + methb_c --> 2.0 ficytb5_c + hb_c
enzyme_METHBCYTBR_fwd	cplx_COMPLEX_HBB_CYB5B	118423.15700314751	pc	METHBCYTBR	2.0 focytb5_c + methb_c --> 2.0 ficytb5_c + hb_c
enzyme_METHBCYTBR_fwd	cplx_COMPLEX_HBD_CYB5A	98415.60896719279	pc	METHBCYTBR	2.0 focytb5_c + methb_c --> 2.0 ficytb5_c + hb_c
enzyme_METHBCYTBR_fwd	cplx_COMPLEX_HBD_CYB5B	118529.45297888512	pc	METHBCYTBR	2.0 focytb5_c + methb_c --> 2.0 ficytb5_c + hb_c
enzyme_METHBCYTBR_fwd	cplx_COMPLEX_HBE1_CYB5A	98699.34101175185	pc	METHBCYTBR	2.0 focytb5_c + methb_c --> 2.0 ficytb5_c + hb_c
enzyme_METHBCYTBR_fwd	cplx_COMPLEX_HBE1_CYB5B	118796.15933094131	pc	METHBCYTBR	2.0 focytb5_c + methb_c --> 2.0 ficytb5_c + hb_c
enzyme_METHBCYTBR_fwd	cplx_COMPLEX_HBG1_CYB5A	98551.28424038488	pc	METHBCYTBR	2.0 focytb5_c + methb_c --> 2.0 ficytb5_c + hb_c
enzyme_METHBCYTBR_fwd	cplx_COMPLEX_HBG1_CYB5B	118656.97988751988	pc	METHBCYTBR	2.0 focytb5_c + methb_c --> 2.0 ficytb5_c + hb_c
enzyme_METHBCYTBR_fwd	cplx_COMPLEX_HBG2_CYB5A	98547.51239210031	pc	METHBCYTBR	2.0 focytb5_c + methb_c --> 2.0 ficytb5_c + hb_c
enzyme_METHBCYTBR_fwd	cplx_COMPLEX_HBG2_CYB5B	118653.43439472212	pc	METHBCYTBR	2.0 focytb5_c + methb_c --> 2.0 ficytb5_c + hb_c
enzyme_METHBCYTBR_fwd	cplx_COMPLEX_HBM_CYB5A	97569.7324889397	pc	METHBCYTBR	2.0 focytb5_c + methb_c --> 2.0 ficytb5_c + hb_c
enzyme_METHBCYTBR_fwd	cplx_COMPLEX_HBM_CYB5B	117734.66961462113	pc	METHBCYTBR	2.0 focytb5_c + methb_c --> 2.0 ficytb5_c + hb_c
enzyme_METHBCYTBR_fwd	cplx_COMPLEX_HBQ1_CYB5A	97363.75973009705	pc	METHBCYTBR	2.0 focytb5_c + methb_c --> 2.0 ficytb5_c + hb_c
enzyme_METHBCYTBR_fwd	cplx_COMPLEX_HBQ1_CYB5B	117541.2148360397	pc	METHBCYTBR	2.0 focytb5_c + methb_c --> 2.0 ficytb5_c + hb_c
enzyme_METHBCYTBR_fwd	cplx_COMPLEX_HBZ_CYB5A	97613.77211433617	pc	METHBCYTBR	2.0 focytb5_c + methb_c --> 2.0 ficytb5_c + hb_c
enzyme_METHBCYTBR_fwd	cplx_COMPLEX_HBZ_CYB5B	117776.03665352968	pc	METHBCYTBR	2.0 focytb5_c + methb_c --> 2.0 ficytb5_c + hb_c
enzyme_METHBCYTBR_rev	cplx_COMPLEX_HBA_CYB5A	0	pc	METHBCYTBR	2.0 focytb5_c + methb_c <-- 2.0 ficytb5_c + hb_c
enzyme_METHBCYTBR_rev	cplx_COMPLEX_HBA_CYB5B	0	pc	METHBCYTBR	2.0 focytb5_c + methb_c <-- 2.0 ficytb5_c + hb_c
enzyme_METHBCYTBR_rev	cplx_COMPLEX_HBB_CYB5A	0	pc	METHBCYTBR	2.0 focytb5_c + methb_c <-- 2.0 ficytb5_c + hb_c
enzyme_METHBCYTBR_rev	cplx_COMPLEX_HBB_CYB5B	0	pc	METHBCYTBR	2.0 focytb5_c + methb_c <-- 2.0 ficytb5_c + hb_c
enzyme_METHBCYTBR_rev	cplx_COMPLEX_HBD_CYB5A	0	pc	METHBCYTBR	2.0 focytb5_c + methb_c <-- 2.0 ficytb5_c + hb_c
enzyme_METHBCYTBR_rev	cplx_COMPLEX_HBD_CYB5B	0	pc	METHBCYTBR	2.0 focytb5_c + methb_c <-- 2.0 ficytb5_c + hb_c
enzyme_METHBCYTBR_rev	cplx_COMPLEX_HBE1_CYB5A	0	pc	METHBCYTBR	2.0 focytb5_c + methb_c <-- 2.0 ficytb5_c + hb_c
enzyme_METHBCYTBR_rev	cplx_COMPLEX_HBE1_CYB5B	0	pc	METHBCYTBR	2.0 focytb5_c + methb_c <-- 2.0 ficytb5_c + hb_c
enzyme_METHBCYTBR_rev	cplx_COMPLEX_HBG1_CYB5A	0	pc	METHBCYTBR	2.0 focytb5_c + methb_c <-- 2.0 ficytb5_c + hb_c
enzyme_METHBCYTBR_rev	cplx_COMPLEX_HBG1_CYB5B	0	pc	METHBCYTBR	2.0 focytb5_c + methb_c <-- 2.0 ficytb5_c + hb_c
enzyme_METHBCYTBR_rev	cplx_COMPLEX_HBG2_CYB5A	0	pc	METHBCYTBR	2.0 focytb5_c + methb_c <-- 2.0 ficytb5_c + hb_c
enzyme_METHBCYTBR_rev	cplx_COMPLEX_HBG2_CYB5B	0	pc	METHBCYTBR	2.0 focytb5_c + methb_c <-- 2.0 ficytb5_c + hb_c
enzyme_METHBCYTBR_rev	cplx_COMPLEX_HBM_CYB5A	0	pc	METHBCYTBR	2.0 focytb5_c + methb_c <-- 2.0 ficytb5_c + hb_c
enzyme_METHBCYTBR_rev	cplx_COMPLEX_HBM_CYB5B	0	pc	METHBCYTBR	2.0 focytb5_c + methb_c <-- 2.0 ficytb5_c + hb_c
enzyme_METHBCYTBR_rev	cplx_COMPLEX_HBQ1_CYB5A	0	pc	METHBCYTBR	2.0 focytb5_c + methb_c <-- 2.0 ficytb5_c + hb_c
enzyme_METHBCYTBR_rev	cplx_COMPLEX_HBQ1_CYB5B	0	pc	METHBCYTBR	2.0 focytb5_c + methb_c <-- 2.0 ficytb5_c + hb_c
enzyme_METHBCYTBR_rev	cplx_COMPLEX_HBZ_CYB5A	0	pc	METHBCYTBR	2.0 focytb5_c + methb_c <-- 2.0 ficytb5_c + hb_c
enzyme_METHBCYTBR_rev	cplx_COMPLEX_HBZ_CYB5B	0	pc	METHBCYTBR	2.0 focytb5_c + methb_c <-- 2.0 ficytb5_c + hb_c
enzyme_NAt_fwd	cplx_HOMODIMER_VDAC1	139726.11109654818	pc	NAt	na1_e --> na1_c
enzyme_NAt_fwd	cplx_HOMOHEPTAMER_PANX1	499363.9482316854	pc	NAt	na1_e --> na1_c
enzyme_NAt_fwd	cplx_HOMOTETRAMER_GRIA1	575135.9106948627	pc	NAt	na1_e --> na1_c
enzyme_NAt_fwd	cplx_HOMOTRIMER_P2RX1	251771.87903497615	pc	NAt	na1_e --> na1_c
enzyme_NAt_fwd	cplx_HOMOTRIMER_P2RX2	279693.1840057707	pc	NAt	na1_e --> na1_c
enzyme_NAt_fwd	cplx_HOMOTRIMER_P2RX7	345477.92807872617	pc	NAt	na1_e --> na1_c
enzyme_NAt_fwd	cplx_HOMOTRIMER_PIEZO1	1010097.8917458715	pc	NAt	na1_e --> na1_c
enzyme_NAt_fwd	cplx_MONOMER_SCN4A	348254.9535107062	pc	NAt	na1_e --> na1_c
enzyme_NAt_fwd	cplx_MONOMER_SCN9A	371072.9016531843	pc	NAt	na1_e --> na1_c
enzyme_NAt_rev	cplx_HOMODIMER_VDAC1	0	pc	NAt	na1_e <-- na1_c
enzyme_NAt_rev	cplx_HOMOHEPTAMER_PANX1	0	pc	NAt	na1_e <-- na1_c
enzyme_NAt_rev	cplx_HOMOTETRAMER_GRIA1	0	pc	NAt	na1_e <-- na1_c
enzyme_NAt_rev	cplx_HOMOTRIMER_P2RX1	0	pc	NAt	na1_e <-- na1_c
enzyme_NAt_rev	cplx_HOMOTRIMER_P2RX2	0	pc	NAt	na1_e <-- na1_c
enzyme_NAt_rev	cplx_HOMOTRIMER_P2RX7	0	pc	NAt	na1_e <-- na1_c
enzyme_NAt_rev	cplx_HOMOTRIMER_PIEZO1	0	pc	NAt	na1_e <-- na1_c
enzyme_NAt_rev	cplx_MONOMER_SCN4A	0	pc	NAt	na1_e <-- na1_c
enzyme_NAt_rev	cplx_MONOMER_SCN9A	0	pc	NAt	na1_e <-- na1_c
enzyme_NH4t_fwd	cplx_HETEROTETRAMER_RH	311251.1488353587	pc	NH4t	nh4_c --> nh4_e
enzyme_NH4t_fwd	cplx_HETEROTRIMER_RH	250218.07917275914	pc	NH4t	nh4_c --> nh4_e
enzyme_NH4t_fwd	cplx_HOMODIMER_RHAG	183295.45584124562	pc	NH4t	nh4_c --> nh4_e
enzyme_NH4t_fwd	cplx_HOMOTETRAMER_AQP1	221986.10374416274	pc	NH4t	nh4_c --> nh4_e
enzyme_NH4t_fwd	cplx_HOMOTETRAMER_AQP3	239370.36481530013	pc	NH4t	nh4_c --> nh4_e
enzyme_NH4t_rev	cplx_HETEROTETRAMER_RH	311251.1488353587	pc	NH4t	nh4_c <-- nh4_e
enzyme_NH4t_rev	cplx_HETEROTRIMER_RH	250218.07917275914	pc	NH4t	nh4_c <-- nh4_e
enzyme_NH4t_rev	cplx_HOMODIMER_RHAG	183295.45584124562	pc	NH4t	nh4_c <-- nh4_e
enzyme_NH4t_rev	cplx_HOMOTETRAMER_AQP1	221986.10374416274	pc	NH4t	nh4_c <-- nh4_e
enzyme_NH4t_rev	cplx_HOMOTETRAMER_AQP3	239370.36481530013	pc	NH4t	nh4_c <-- nh4_e
enzyme_NTDAMP_fwd	cplx_HOMOTETRAMER_NT5C2	411488.81620164675	pc	NTDAMP	amp_c + h2o_c --> adn_c + pi_c
enzyme_NTDAMP_rev	cplx_HOMOTETRAMER_NT5C2	0	pc	NTDAMP	amp_c + h2o_c <-- adn_c + pi_c
enzyme_NTDIMP_fwd	cplx_HOMOTETRAMER_NT5C2	411488.81620164675	pc	NTDIMP	h2o_c + imp_c --> ins_c + pi_c
enzyme_NTDIMP_rev	cplx_HOMOTETRAMER_NT5C2	0	pc	NTDIMP	h2o_c + imp_c <-- ins_c + pi_c
enzyme_NaKt_fwd	cplx_HETERODIMER_ATP1_A1B1	269721.11650904216	pc	NaKt	atp_c + h2o_c + 2.0 k_e + 3.0 na1_c --> adp_c + h_c + 2.0 k_c + 3.0 na1_e + pi_c
enzyme_NaKt_fwd	cplx_HETERODIMER_ATP1_A1B2	267398.37129081145	pc	NaKt	atp_c + h2o_c + 2.0 k_e + 3.0 na1_c --> adp_c + h_c + 2.0 k_c + 3.0 na1_e + pi_c
enzyme_NaKt_fwd	cplx_HETERODIMER_ATP1_A1B3	264851.2024212261	pc	NaKt	atp_c + h2o_c + 2.0 k_e + 3.0 na1_c --> adp_c + h_c + 2.0 k_c + 3.0 na1_e + pi_c
enzyme_NaKt_fwd	cplx_HETERODIMER_ATP1_A3B1	268146.3311156133	pc	NaKt	atp_c + h2o_c + 2.0 k_e + 3.0 na1_c --> adp_c + h_c + 2.0 k_c + 3.0 na1_e + pi_c
enzyme_NaKt_fwd	cplx_HETERODIMER_ATP1_A3B2	265819.0213594166	pc	NaKt	atp_c + h2o_c + 2.0 k_e + 3.0 na1_c --> adp_c + h_c + 2.0 k_c + 3.0 na1_e + pi_c
enzyme_NaKt_fwd	cplx_HETERODIMER_ATP1_A3B3	263266.7854515887	pc	NaKt	atp_c + h2o_c + 2.0 k_e + 3.0 na1_c --> adp_c + h_c + 2.0 k_c + 3.0 na1_e + pi_c
enzyme_NaKt_fwd	cplx_HETERODIMER_ATP1_A4B1	271478.3470902613	pc	NaKt	atp_c + h2o_c + 2.0 k_e + 3.0 na1_c --> adp_c + h_c + 2.0 k_c + 3.0 na1_e + pi_c
enzyme_NaKt_fwd	cplx_HETERODIMER_ATP1_A4B2	269160.6531659475	pc	NaKt	atp_c + h2o_c + 2.0 k_e + 3.0 na1_c --> adp_c + h_c + 2.0 k_c + 3.0 na1_e + pi_c
enzyme_NaKt_fwd	cplx_HETERODIMER_ATP1_A4B3	266619.0909673236	pc	NaKt	atp_c + h2o_c + 2.0 k_e + 3.0 na1_c --> adp_c + h_c + 2.0 k_c + 3.0 na1_e + pi_c
enzyme_NaKt_rev	cplx_HETERODIMER_ATP1_A1B1	0	pc	NaKt	atp_c + h2o_c + 2.0 k_e + 3.0 na1_c <-- adp_c + h_c + 2.0 k_c + 3.0 na1_e + pi_c
enzyme_NaKt_rev	cplx_HETERODIMER_ATP1_A1B2	0	pc	NaKt	atp_c + h2o_c + 2.0 k_e + 3.0 na1_c <-- adp_c + h_c + 2.0 k_c + 3.0 na1_e + pi_c
enzyme_NaKt_rev	cplx_HETERODIMER_ATP1_A1B3	0	pc	NaKt	atp_c + h2o_c + 2.0 k_e + 3.0 na1_c <-- adp_c + h_c + 2.0 k_c + 3.0 na1_e + pi_c
enzyme_NaKt_rev	cplx_HETERODIMER_ATP1_A3B1	0	pc	NaKt	atp_c + h2o_c + 2.0 k_e + 3.0 na1_c <-- adp_c + h_c + 2.0 k_c + 3.0 na1_e + pi_c
enzyme_NaKt_rev	cplx_HETERODIMER_ATP1_A3B2	0	pc	NaKt	atp_c + h2o_c + 2.0 k_e + 3.0 na1_c <-- adp_c + h_c + 2.0 k_c + 3.0 na1_e + pi_c
enzyme_NaKt_rev	cplx_HETERODIMER_ATP1_A3B3	0	pc	NaKt	atp_c + h2o_c + 2.0 k_e + 3.0 na1_c <-- adp_c + h_c + 2.0 k_c + 3.0 na1_e + pi_c
enzyme_NaKt_rev	cplx_HETERODIMER_ATP1_A4B1	0	pc	NaKt	atp_c + h2o_c + 2.0 k_e + 3.0 na1_c <-- adp_c + h_c + 2.0 k_c + 3.0 na1_e + pi_c
enzyme_NaKt_rev	cplx_HETERODIMER_ATP1_A4B2	0	pc	NaKt	atp_c + h2o_c + 2.0 k_e + 3.0 na1_c <-- adp_c + h_c + 2.0 k_c + 3.0 na1_e + pi_c
enzyme_NaKt_rev	cplx_HETERODIMER_ATP1_A4B3	0	pc	NaKt	atp_c + h2o_c + 2.0 k_e + 3.0 na1_c <-- adp_c + h_c + 2.0 k_c + 3.0 na1_e + pi_c
enzyme_O2t_fwd	cplx_HOMOTETRAMER_AQP1	221986.10374416274	pc	O2t	o2_c --> o2_e
enzyme_O2t_rev	cplx_HOMOTETRAMER_AQP1	221986.10374416274	pc	O2t	o2_c <-- o2_e
enzyme_OXYHBAOX_fwd	cplx_MONOMER_HBA	49091.53233335346	pc	OXYHBAOX	oxyhb_c --> methb_c + o2s_c
enzyme_OXYHBAOX_fwd	cplx_MONOMER_HBB	50861.235107600194	pc	OXYHBAOX	oxyhb_c --> methb_c + o2s_c
enzyme_OXYHBAOX_fwd	cplx_MONOMER_HBD	51002.07685946071	pc	OXYHBAOX	oxyhb_c --> methb_c + o2s_c
enzyme_OXYHBAOX_fwd	cplx_MONOMER_HBE1	51355.07763990536	pc	OXYHBAOX	oxyhb_c --> methb_c + o2s_c
enzyme_OXYHBAOX_fwd	cplx_MONOMER_HBG1	51170.93412625397	pc	OXYHBAOX	oxyhb_c --> methb_c + o2s_c
enzyme_OXYHBAOX_fwd	cplx_MONOMER_HBG2	51166.24126481554	pc	OXYHBAOX	oxyhb_c --> methb_c + o2s_c
enzyme_OXYHBAOX_fwd	cplx_MONOMER_HBM	49946.84220450609	pc	OXYHBAOX	oxyhb_c --> methb_c + o2s_c
enzyme_OXYHBAOX_fwd	cplx_MONOMER_HBQ1	49689.22996256905	pc	OXYHBAOX	oxyhb_c --> methb_c + o2s_c
enzyme_OXYHBAOX_fwd	cplx_MONOMER_HBZ	50001.88902370888	pc	OXYHBAOX	oxyhb_c --> methb_c + o2s_c
enzyme_OXYHBAOX_rev	cplx_MONOMER_HBA	0	pc	OXYHBAOX	oxyhb_c <-- methb_c + o2s_c
enzyme_OXYHBAOX_rev	cplx_MONOMER_HBB	0	pc	OXYHBAOX	oxyhb_c <-- methb_c + o2s_c
enzyme_OXYHBAOX_rev	cplx_MONOMER_HBD	0	pc	OXYHBAOX	oxyhb_c <-- methb_c + o2s_c
enzyme_OXYHBAOX_rev	cplx_MONOMER_HBE1	0	pc	OXYHBAOX	oxyhb_c <-- methb_c + o2s_c
enzyme_OXYHBAOX_rev	cplx_MONOMER_HBG1	0	pc	OXYHBAOX	oxyhb_c <-- methb_c + o2s_c
enzyme_OXYHBAOX_rev	cplx_MONOMER_HBG2	0	pc	OXYHBAOX	oxyhb_c <-- methb_c + o2s_c
enzyme_OXYHBAOX_rev	cplx_MONOMER_HBM	0	pc	OXYHBAOX	oxyhb_c <-- methb_c + o2s_c
enzyme_OXYHBAOX_rev	cplx_MONOMER_HBQ1	0	pc	OXYHBAOX	oxyhb_c <-- methb_c + o2s_c
enzyme_OXYHBAOX_rev	cplx_MONOMER_HBZ	0	pc	OXYHBAOX	oxyhb_c <-- methb_c + o2s_c
enzyme_PFK_fwd	cplx_HETEROTETRAMER_PFKL_PFKM_M1L3	503722.28798851196	pc	PFK	atp_c + f6p_c --> adp_c + fdp_c + h_c
enzyme_PFK_fwd	cplx_HETEROTETRAMER_PFKL_PFKM_M2L2	503908.95097942953	pc	PFK	atp_c + f6p_c --> adp_c + fdp_c + h_c
enzyme_PFK_fwd	cplx_HETEROTETRAMER_PFKL_PFKM_M3L1	504095.59092466824	pc	PFK	atp_c + f6p_c --> adp_c + fdp_c + h_c
enzyme_PFK_fwd	cplx_HETEROTETRAMER_PFKL_PFKP_P1L3	504178.0466950818	pc	PFK	atp_c + f6p_c --> adp_c + fdp_c + h_c
enzyme_PFK_fwd	cplx_HETEROTETRAMER_PFKL_PFKP_P2L2	504820.2186915615	pc	PFK	atp_c + f6p_c --> adp_c + fdp_c + h_c
enzyme_PFK_fwd	cplx_HETEROTETRAMER_PFKL_PFKP_P3L1	505462.11850516486	pc	PFK	atp_c + f6p_c --> adp_c + fdp_c + h_c
enzyme_PFK_fwd	cplx_HOMOTETRAMER_PFKL	503535.60193768045	pc	PFK	atp_c + f6p_c --> adp_c + fdp_c + h_c
enzyme_PFK_fwd	cplx_HOMOTETRAMER_PFKM	504282.2078384472	pc	PFK	atp_c + f6p_c --> adp_c + fdp_c + h_c
enzyme_PFK_fwd	cplx_HOMOTETRAMER_PFKP	506103.7467117355	pc	PFK	atp_c + f6p_c --> adp_c + fdp_c + h_c
enzyme_PFK_rev	cplx_HETEROTETRAMER_PFKL_PFKM_M1L3	0	pc	PFK	atp_c + f6p_c <-- adp_c + fdp_c + h_c
enzyme_PFK_rev	cplx_HETEROTETRAMER_PFKL_PFKM_M2L2	0	pc	PFK	atp_c + f6p_c <-- adp_c + fdp_c + h_c
enzyme_PFK_rev	cplx_HETEROTETRAMER_PFKL_PFKM_M3L1	0	pc	PFK	atp_c + f6p_c <-- adp_c + fdp_c + h_c
enzyme_PFK_rev	cplx_HETEROTETRAMER_PFKL_PFKP_P1L3	0	pc	PFK	atp_c + f6p_c <-- adp_c + fdp_c + h_c
enzyme_PFK_rev	cplx_HETEROTETRAMER_PFKL_PFKP_P2L2	0	pc	PFK	atp_c + f6p_c <-- adp_c + fdp_c + h_c
enzyme_PFK_rev	cplx_HETEROTETRAMER_PFKL_PFKP_P3L1	0	pc	PFK	atp_c + f6p_c <-- adp_c + fdp_c + h_c
enzyme_PFK_rev	cplx_HOMOTETRAMER_PFKL	0	pc	PFK	atp_c + f6p_c <-- adp_c + fdp_c + h_c
enzyme_PFK_rev	cplx_HOMOTETRAMER_PFKM	0	pc	PFK	atp_c + f6p_c <-- adp_c + fdp_c + h_c
enzyme_PFK_rev	cplx_HOMOTETRAMER_PFKP	0	pc	PFK	atp_c + f6p_c <-- adp_c + fdp_c + h_c
enzyme_PGI_fwd	cplx_HOMODIMER_GPI	239553.9100260242	pc	PGI	g6p_c --> f6p_c
enzyme_PGI_rev	cplx_HOMODIMER_GPI	239553.9100260242	pc	PGI	g6p_c <-- f6p_c
enzyme_PGK_fwd	cplx_MONOMER_PGK1	109769.28805844822	pc	PGK	13dpg_c + adp_c --> 3pg_c + atp_c
enzyme_PGK_fwd	cplx_MONOMER_PGK2	110109.47775104103	pc	PGK	13dpg_c + adp_c --> 3pg_c + atp_c
enzyme_PGK_rev	cplx_MONOMER_PGK1	109769.28805844822	pc	PGK	13dpg_c + adp_c <-- 3pg_c + atp_c
enzyme_PGK_rev	cplx_MONOMER_PGK2	110109.47775104103	pc	PGK	13dpg_c + adp_c <-- 3pg_c + atp_c
enzyme_PGL_fwd	cplx_MONOMER_PGLS	76444.17600858069	pc	PGL	6pgl_c + h2o_c --> 6pgc_c + h_c
enzyme_PGL_rev	cplx_MONOMER_PGLS	76444.17600858069	pc	PGL	6pgl_c + h2o_c <-- 6pgc_c + h_c
enzyme_PGM_fwd	cplx_HOMODIMER_BPGM	137080.6683256151	pc	PGM	3pg_c --> 2pg_c
enzyme_PGM_fwd	cplx_HOMODIMER_PGAM1	132953.53233085093	pc	PGM	3pg_c --> 2pg_c
enzyme_PGM_rev	cplx_HOMODIMER_BPGM	137080.6683256151	pc	PGM	3pg_c <-- 2pg_c
enzyme_PGM_rev	cplx_HOMODIMER_PGAM1	132953.53233085093	pc	PGM	3pg_c <-- 2pg_c
enzyme_PPA_fwd	cplx_HOMODIMER_LHPP	134192.42877600578	pc	PPA	h2o_c + ppi_c --> h_c + 2.0 pi_c
enzyme_PPA_fwd	cplx_HOMODIMER_PPA1	146067.9118166179	pc	PPA	h2o_c + ppi_c --> h_c + 2.0 pi_c
enzyme_PPA_fwd	cplx_HOMODIMER_PPA2	163408.98943743564	pc	PPA	h2o_c + ppi_c --> h_c + 2.0 pi_c
enzyme_PPA_fwd	cplx_HOMODIMER_PRUNE1	201615.40974593192	pc	PPA	h2o_c + ppi_c --> h_c + 2.0 pi_c
enzyme_PPA_rev	cplx_HOMODIMER_LHPP	0	pc	PPA	h2o_c + ppi_c <-- h_c + 2.0 pi_c
enzyme_PPA_rev	cplx_HOMODIMER_PPA1	0	pc	PPA	h2o_c + ppi_c <-- h_c + 2.0 pi_c
enzyme_PPA_rev	cplx_HOMODIMER_PPA2	0	pc	PPA	h2o_c + ppi_c <-- h_c + 2.0 pi_c
enzyme_PPA_rev	cplx_HOMODIMER_PRUNE1	0	pc	PPA	h2o_c + ppi_c <-- h_c + 2.0 pi_c
enzyme_PPM_fwd	cplx_MONOMER_PGM2	151029.66843877357	pc	PPM	r1p_c --> r5p_c
enzyme_PPM_rev	cplx_MONOMER_PGM2	151029.66843877357	pc	PPM	r1p_c <-- r5p_c
enzyme_PRPPS_fwd	cplx_HOMODIMER_PRPS1	153323.52925147073	pc	PRPPS	atp_c + r5p_c --> amp_c + h_c + prpp_c
enzyme_PRPPS_fwd	cplx_HOMODIMER_PRPS1L1	153330.34650106946	pc	PRPPS	atp_c + r5p_c --> amp_c + h_c + prpp_c
enzyme_PRPPS_fwd	cplx_HOMODIMER_PRPS2	153101.82606470273	pc	PRPPS	atp_c + r5p_c --> amp_c + h_c + prpp_c
enzyme_PRPPS_rev	cplx_HOMODIMER_PRPS1	0	pc	PRPPS	atp_c + r5p_c <-- amp_c + h_c + prpp_c
enzyme_PRPPS_rev	cplx_HOMODIMER_PRPS1L1	0	pc	PRPPS	atp_c + r5p_c <-- amp_c + h_c + prpp_c
enzyme_PRPPS_rev	cplx_HOMODIMER_PRPS2	0	pc	PRPPS	atp_c + r5p_c <-- amp_c + h_c + prpp_c
enzyme_PUNP5_fwd	cplx_HOMOTRIMER_PNP	195537.83574890616	pc	PUNP5	ins_c + pi_c --> hxan_c + r1p_c
enzyme_PUNP5_rev	cplx_HOMOTRIMER_PNP	195537.83574890616	pc	PUNP5	ins_c + pi_c <-- hxan_c + r1p_c
enzyme_PYK_fwd	cplx_HOMOTETRAMER_PKLR	396552.44854491437	pc	PYK	adp_c + h_c + pep_c --> atp_c + pyr_c
enzyme_PYK_fwd	cplx_HOMOTETRAMER_PKM	377679.1406083996	pc	PYK	adp_c + h_c + pep_c --> atp_c + pyr_c
enzyme_PYK_rev	cplx_HOMOTETRAMER_PKLR	0	pc	PYK	adp_c + h_c + pep_c <-- atp_c + pyr_c
enzyme_PYK_rev	cplx_HOMOTETRAMER_PKM	0	pc	PYK	adp_c + h_c + pep_c <-- atp_c + pyr_c
enzyme_PYRt2_fwd	cplx_HETEROTETRAMER_SLC16A1_BSG	328323.82174077845	pc	PYRt2	h_c + pyr_c --> h_e + pyr_e
enzyme_PYRt2_fwd	cplx_HETEROTETRAMER_SLC16A1_EMB	314631.65941146744	pc	PYRt2	h_c + pyr_c --> h_e + pyr_e
enzyme_PYRt2_fwd	cplx_HETEROTETRAMER_SLC16A7_BSG	323859.9032286555	pc	PYRt2	h_c + pyr_c --> h_e + pyr_e
enzyme_PYRt2_fwd	cplx_HETEROTETRAMER_SLC16A7_EMB	310103.29815590923	pc	PYRt2	h_c + pyr_c --> h_e + pyr_e
enzyme_PYRt2_fwd	cplx_HOMODIMER_SLC16A1	212883.43219428806	pc	PYRt2	h_c + pyr_c --> h_e + pyr_e
enzyme_PYRt2_fwd	cplx_HOMODIMER_SLC16A7	207716.67414451085	pc	PYRt2	h_c + pyr_c --> h_e + pyr_e
enzyme_PYRt2_rev	cplx_HETEROTETRAMER_SLC16A1_BSG	328323.82174077845	pc	PYRt2	h_c + pyr_c <-- h_e + pyr_e
enzyme_PYRt2_rev	cplx_HETEROTETRAMER_SLC16A1_EMB	314631.65941146744	pc	PYRt2	h_c + pyr_c <-- h_e + pyr_e
enzyme_PYRt2_rev	cplx_HETEROTETRAMER_SLC16A7_BSG	323859.9032286555	pc	PYRt2	h_c + pyr_c <-- h_e + pyr_e
enzyme_PYRt2_rev	cplx_HETEROTETRAMER_SLC16A7_EMB	310103.29815590923	pc	PYRt2	h_c + pyr_c <-- h_e + pyr_e
enzyme_PYRt2_rev	cplx_HOMODIMER_SLC16A1	212883.43219428806	pc	PYRt2	h_c + pyr_c <-- h_e + pyr_e
enzyme_PYRt2_rev	cplx_HOMODIMER_SLC16A7	207716.67414451085	pc	PYRt2	h_c + pyr_c <-- h_e + pyr_e
enzyme_RPE_fwd	cplx_HOMODIMER_RPE	119269.59042007288	pc	RPE	ru5p__D_c --> xu5p__D_c
enzyme_RPE_rev	cplx_HOMODIMER_RPE	119269.59042007288	pc	RPE	ru5p__D_c <-- xu5p__D_c
enzyme_RPI_fwd	cplx_HOMODIMER_RPIA	148146.5345095676	pc	RPI	ru5p__D_c --> r5p_c
enzyme_RPI_rev	cplx_HOMODIMER_RPIA	148146.5345095676	pc	RPI	ru5p__D_c <-- r5p_c
enzyme_SPODM_fwd	cplx_HOMODIMER_SOD1	85266.5205891612	pc	SPODM	2.0 h_c + 2.0 o2s_c --> h2o2_c + o2_c
enzyme_SPODM_rev	cplx_HOMODIMER_SOD1	0	pc	SPODM	2.0 h_c + 2.0 o2s_c <-- h2o2_c + o2_c
enzyme_TALA_fwd	cplx_HOMODIMER_TALDO1	162172.37716086832	pc	TALA	g3p_c + s7p_c --> e4p_c + f6p_c
enzyme_TALA_rev	cplx_HOMODIMER_TALDO1	162172.37716086832	pc	TALA	g3p_c + s7p_c <-- e4p_c + f6p_c
enzyme_TKT1_fwd	cplx_HOMODIMER_TKT	252884.7001617039	pc	TKT1	r5p_c + xu5p__D_c --> g3p_c + s7p_c
enzyme_TKT1_rev	cplx_HOMODIMER_TKT	252884.7001617039	pc	TKT1	r5p_c + xu5p__D_c <-- g3p_c + s7p_c
enzyme_TKT2_fwd	cplx_HOMODIMER_TKT	252884.7001617039	pc	TKT2	e4p_c + xu5p__D_c --> f6p_c + g3p_c
enzyme_TKT2_rev	cplx_HOMODIMER_TKT	252884.7001617039	pc	TKT2	e4p_c + xu5p__D_c <-- f6p_c + g3p_c
enzyme_TPI_fwd	cplx_HOMODIMER_TPI1	125493.49517893798	pc	TPI	dhap_c --> g3p_c
enzyme_TPI_rev	cplx_HOMODIMER_TPI1	125493.49517893798	pc	TPI	dhap_c <-- g3p_c
